[
  {
    "id": 100,
    "name": "Sturgeon Caviar",
    "description": "Umai Modern, 30g",
    "allergens": "Fish proteins",
    "price": 545,
    "lunchPrice": 545,
    "category": "starter"
  },
  {
    "id": 101,
    "name": "Langoustine Soup",
    "description": "Soup with almond and chili",
    "allergens": "Crustacean, Nuts, Milk",
    "price": 165,
    "lunchPrice": 165,
    "category": "starter"
  },
  {
    "id": 102,
    "name": "Steak Tartar",
    "description": "Steak tartar of swedish beef from local farm, 80g",
    "allergens": "Egg",
    "price": 145,
    "lunchPrice": 145,
    "category": "starter"
  },
  {
    "id": 200,
    "name": "Ribeye Steak",
    "description": "300g beef, served with chili béarnaise and fries",
    "allergens": "Egg, Milk",
    "price": 245,
    "lunchPrice": 235,
    "category": "main"
  },
  {
    "id": 201,
    "name": "Tenderloin Steak",
    "description": "250g beef, served with secret sauce and fries",
    "allergens": "Soy",
    "price": 285,
    "lunchPrice": 275,
    "category": "main"
  },
  {
    "id": 202,
    "name": "Venison",
    "description": "Fillet of venison, served with mushrooms, caramelized onion and fries",
    "allergens": "Fungi",
    "price": 325,
    "lunchPrice": 315,
    "category": "main"
  },
  {
    "id": 300,
    "name": "Caramel tart",
    "description": "With chocolate, hazelnut & crème cru",
    "allergens": "Milk, Nuts, Egg",
    "price": 125,
    "lunchPrice": 125,
    "category": "dessert"
  },
  {
    "id": 301,
    "name": "Sorbet",
    "description": "Sorbet of the day",
    "allergens": null,
    "price": 55,
    "lunchPrice": 55,
    "category": "dessert"
  },
  {
    "id": 302,
    "name": "Mudcake",
    "description": "Chocolate mudcake with whipped cream",
    "allergens": "Fungi",
    "price": 115,
    "lunchPrice": 115,
    "category": "dessert"
  },
  {
    "id": 400,
    "name": "Coca Cola",
    "description": "Carbonated soft drink",
    "allergens": null,
    "price": 25,
    "lunchPrice": 0,
    "category": "drink"
  },
  {
    "id": 401,
    "name": "Coca Cola Zero",
    "description": "Carbonated soft drink",
    "allergens": null,
    "price": 25,
    "lunchPrice": 0,
    "category": "drink"
  },
  {
    "id": 402,
    "name": "Loka",
    "description": "Sparkling water",
    "allergens": null,
    "price": 25,
    "lunchPrice": 0,
    "category": "drink"
  }
]
